"author","undated_poem_count"
"无名氏","2252"
"不详","885"
"易静","721"
"王梵志","353"
"寒山","314"
"李中","310"
"徐铉","309"
"佚名","260"
"李峤","225"
"杜光庭","190"
"曹勋","183"
"史浩","182"
"杨无咎","177"
"李洞","172"
"花蕊夫人徐氏","158"
"程垓","157"
"葛长庚","135"
"吕渭老","134"
"郭应祥","129"
"王绩","128"
"陈著","122"
"张抡","122"
"傅翕","117"
"钱珝","116"
"徐成","110"
"张𧏖","107"
"罗虬","103"
"李建勋","102"
"无可","102"
"太宗皇帝","101"
"侯置","96"
"居遁","95"
"周贺","95"
"方千里","93"
"延寿","92"
"杨泽民","91"
"沈瀛","90"
"吕胜己","89"
"杜安世","84"
"刘言史","83"
"欧阳詹","83"
"葛胜仲","82"
"李弥逊","82"
"丘崈","81"
"崔道融","80"
"段成式","78"
"孙元晏","75"
"王千秋","73"
"仲殊","73"
"陈三聘","72"
"姚述尧2","69"
"褚亮","68"
"管鉴","68"
"杨衡","66"
"陈德武","65"
"卢炳","63"
"道世","62"
"张矩","62"
"魏征","59"
"张镃","59"
"裴夷直","58"
"顾敻","56"
"拾得","56"
"张继先","56"
"张仲素","55"
"后主煜","54"
"张果","53"
"刘希夷","52"
"王炎2","52"
"陈元光","51"
"于𣸣","51"
"鱼玄机","51"
"许敬宗","50"
"赵善括","49"
"黄人杰","48"
"则天皇后","48"
"程大昌","47"
"何梦桂","47"
"李处全","47"
"邓肃","46"
"杜审言","46"
"沈端节","45"
"赵鼎","45"
"张辑","44"
"程珌","43"
"康与之","43"
"灵一","43"
"王庭珪","43"
"毛并","42"
"孙鲂","42"
"宝志","41"
"克符道者","41"
"廖行之","41"
"林正大","41"
"韦渠牟","41"
"白云仙人","40"
"德诚","40"
"虞世南","40"
"崔湜","39"
"黄升","39"
"缺名","39"
"邵谒","39"
"吴则礼","39"
"徐彦伯","39"
"杨凝","39"
"刘学箕","38"
"向","38"
"吴泳","37"
"尚颜","36"
"唐求","36"
"张纲","35"
"仲并","35"
"李百药","34"
"刘方平","34"
"上官仪","34"
"林宽","33"
"倪偁","33"
"僧贯休","33"
"元阳子","33"
"黎廷瑞","32"
"姚勉","32"
"刘仙伦","31"
"孟贯","31"
"清昼","31"
"文偃","31"
"赵文","31"
"智闲","31"
"葛郯","30"
"韩琮","30"
"黄公绍","30"
"刘埙","30"
"王义山","30"
"夏元鼎","30"
"严仁","30"
"郑愔","30"
"李翔","29"
"马子严","29"
"吴儆","29"
"张南史","29"
"郑巢","29"
"成彦雄","28"
"韩玉","28"
"刘宪","27"
"王奕","27"
"张伯端","27"
"赵必□","27"
"刘镇2","26"
"王之望","26"
"章谒","26"
"李流谦","25"
"杨师道","25"
"朱淑真","25"
"陈瓘","24"
"敦煌人作品[一]","24"
"冯取洽","24"
"萧廷之","24"
"道镜　善导","23"
"窦群","23"
"菩提达摩","23"
"契此","23"
"杨行真人","23"
"浙东众诗人","23"
"董思恭","22"
"景岑","22"
"李彭老","22"
"陆希声","22"
"孟云卿","22"
"乔知之","22"
"沈蔚","22"
"宋先生","22"
"伍乔","22"
"长孙佐辅","22"
"窦庠","21"
"姜特立","21"
"王灼","21"
"杨凌","21"
"赵彦昭","21"
"可旻","20"
"彭元逊","20"
"钱镠","20"
"王十朋","20"
"翁元龙","20"
"吴礼之","20"
"虚中","20"
"许彬","20"
"许棐","20"
"赵崇嶓","20"
"朱雍","20"
"李适","19"
"李冶","19"
"刘子寰","19"
"米友仁","19"
"王毂","19"
"王迈","19"
"喻坦之","19"
"詹敦仁","19"
"华岳","18"
"蒲寿宬","18"
"王仁裕","18"
"赵希蓬","18"
"郑遨","18"
"朱存","18"
"江为","17"
"孙宗闵","17"
"谢薖","17"
"赵子发","17"
"周必大","17"
"晁冲之","16"
"崔液","16"
"洪瑹","16"
"刘昭禹","16"
"僧皎然","16"
"僧齐己","16"
"苏味道","16"
"赵老","16"
"褚载","15"
"蒋吉","15"
"李廷忠","15"
"吕岩","15"
"孟宾于","15"
"许坚","15"
"薛稷","15"
"赵构","15"
"曾","14"
"曾协","14"
"陈子良","14"
"韩蕴中","14"
"李光","14"
"李好古1","14"
"李祁","14"
"卢殷","14"
"卢僎","14"
"泰钦","14"
"王季友","14"
"魏夫人","14"
"文益","14"
"武则天","14"
"谢懋","14"
"俞国宝","14"
"赵光逢、张衮","14"
"赵善扛","14"
"赵闻礼","14"
"庄南杰","14"
"柴望","13"
"崔涯","13"
"冯时行","13"
"胡皓","13"
"胡翼龙","13"
"孔德绍","13"
"李舒","13"
"李约","13"
"利登","13"
"柳中庸","13"
"马云奇","13"
"莫将","13"
"丘丹","13"
"谭宣子","13"
"汪","13"
"湘妃庙","13"
"薛莹","13"
"赞宁","13"
"詹玉","13"
"张谔","13"
"左偃","13"
"窦叔向","12"
"高登","12"
"净圆","12"
"李邴","12"
"刘焘","12"
"缪岛云","12"
"栖蟾","12"
"嵩岳诸仙","12"
"王采","12"
"韦元旦","12"
"熊皎","12"
"徐鹿卿","12"
"缘密","12"
"张枢","12"
"郑仅","12"
"常察","11"
"陈楠","11"
"陈叔达","11"
"李从周","11"
"李洪","11"
"李刘","11"
"林淳","11"
"刘光祖","11"
"柳冲用","11"
"水神","11"
"王无竞","11"
"韦骧","11"
"卫宗武","11"
"魏征、褚亮","11"
"姚系","11"
"赵孟坚","11"
"陈造","10"
"处默","10"
"窦真君","10"
"盖嘉运","10"
"郭元振","10"
"可朋","10"
"可止","10"
"郎大家宋氏","10"
"李壁","10"
"李赤","10"
"李鼐","10"
"李彭","10"
"李暇","10"
"李义府","10"
"李子正","10"
"卢士衡","10"
"太宗皇帝李世民","10"
"武三思","10"
"奚岊","10"
"徐仲雅","10"
"元希声","10"
"张登","10"
"张文成","10"
"赵志","10"
"曾纡","9"
"陈朴","9"
"程节斋","9"
"道怤","9"
"冯道","9"
"高宗皇帝","9"
"耿玉真","9"
"顾甄远","9"
"李甲","9"
"李元膺","9"
"李昭象","9"
"廖凝","9"
"廖融","9"
"牟𪩘","9"
"潘佑","9"
"神晏","9"
"宋齐丘","9"
"汤恢","9"
"韦承庆","9"
"巫山神女","9"
"吴商浩","9"
"薛奇童","9"
"薛式","9"
"姚云文","9"
"张文琮","9"
"赵汝","9"
"周端臣","9"
"宗楚客","9"
"宝月","8"
"曾布","8"
"柴元彪","8"
"东方虬","8"
"韩溉","8"
"何仙姑","8"
"贺知章、源乾曜","8"
"胡文卿","8"
"蒋冽","8"
"李朝卿","8"
"李玖","8"
"李涛","8"
"梁琼","8"
"刘弇","8"
"楼采","8"
"卢藏用","8"
"卢汝弼","8"
"梅窗","8"
"潘咸","8"
"师备","8"
"蜀太妃徐氏","8"
"蜀太后徐氏","8"
"宋光嗣","8"
"孙道绚","8"
"孙郃","8"
"孙居敬","8"
"王齐愈","8"
"王氏妇","8"
"王适","8"
"王易简","8"
"吴少微","8"
"项宗","8"
"谢偃","8"
"薛曜","8"
"颜奎","8"
"义净","8"
"张孝忠","8"
"张昭","8"
"赵功可","8"
"赵光逢","8"
"赵氏","8"
"蔡希寂","7"
"陈深","7"
"陈裕","7"
"崔敦礼","7"
"崔元翰","7"
"韩维","7"
"韩熙载","7"
"黄损","7"
"孔绍安","7"
"李商英","7"
"李演","7"
"李尧夫","7"
"廖刚","7"
"临淄县主","7"
"灵辩","7"
"刘翰","7"
"刘孝孙","7"
"罗志仁","7"
"欧阳澈","7"
"钱惟治","7"
"丘光庭","7"
"沈唐","7"
"省澄","7"
"史凤","7"
"宋自逊","7"
"孙棨","7"
"陶谷","7"
"王","7"
"王谌","7"
"王元","7"
"王仲甫","7"
"幸夤逊","7"
"薛师石","7"
"杨徽之","7"
"杨凝式","7"
"姚揆","7"
"伊用昌","7"
"于季子","7"
"于良史","7"
"詹琲","7"
"张伯寿","7"
"张柬之","7"
"张循之","7"
"张窈窕","7"
"郑良士","7"
"中宗皇帝","7"
"卓田","7"
"卞震","6"
"蔡楠","6"
"曹邍","6"
"岑羲","6"
"陈纪","6"
"春台仙","6"
"崔居俭、卢文纪","6"
"崔十娘","6"
"冯伟寿","6"
"龚大明","6"
"郭世模","6"
"后主衍","6"
"黄子行","6"
"慧净","6"
"李","6"
"李郃","6"
"李沇","6"
"李漳","6"
"李贞白","6"
"廖匡图","6"
"刘斌","6"
"刘采春","6"
"刘天迪","6"
"刘媛","6"
"刘之才","6"
"明月潭龙女","6"
"慕幽","6"
"潘汾","6"
"彭子翔","6"
"任希古","6"
"沈颂","6"
"施岳","6"
"蜀宫群仙","6"
"苏氏","6"
"孙偓","6"
"汤悦","6"
"汪梦斗","6"
"王鼎","6"
"王琚","6"
"王鲁复","6"
"王嵒","6"
"吴越僧","6"
"伍梅城","6"
"西施","6"
"萧允之","6"
"邢俊臣","6"
"徐积","6"
"徐贤妃","6"
"姚月华","6"
"庾抱","6"
"臧馀庆","6"
"张夫人","6"
"张衮","6"
"张生妻","6"
"张琰","6"
"张震","6"
"甄良友","6"
"郑世翼","6"
"郑损","6"
"郑准","6"
"邹应龙","6"
"白君瑞","5"
"曹遇","5"
"岑文本","5"
"岑真人","5"
"曾揆","5"
"陈季卿","5"
"程正同","5"
"褚遂良","5"
"崔兴宗","5"
"崔萱","5"
"段义宗","5"
"范祖禹","5"
"符蒙","5"
"傅大询","5"
"耿[𣲗]","5"
"关盼盼","5"
"归处讷","5"
"何澹","5"
"胡浩然","5"
"黄廷","5"
"黄载","5"
"净端","5"
"竟脱","5"
"李斌","5"
"李存勗","5"
"李德谷","5"
"李昉","5"
"李冠","5"
"李太古","5"
"李骘","5"
"刘褒","5"
"刘清夫","5"
"陆羽","5"
"马廷鸾","5"
"莫","5"
"莫蒙","5"
"潘牥","5"
"裴𫍯","5"
"乔备","5"
"权龙褒","5"
"权无染","5"
"绍修","5"
"沈如筠","5"
"石麟","5"
"水府君","5"
"宋华","5"
"唐晅妻张氏","5"
"田娥","5"
"同谷子","5"
"王从叔","5"
"王梦应","5"
"王溥","5"
"王正己","5"
"文丙","5"
"翁孟寅","5"
"翁溪园","5"
"无名僧","5"
"吴某","5"
"吴清妻","5"
"吴氏3","5"
"吴越失姓名人","5"
"向滈","5"
"晓峦","5"
"熊禾","5"
"徐浩","5"
"徐经孙","5"
"徐晶","5"
"徐九臯","5"
"徐锴","5"
"徐似道","5"
"徐照","5"
"许庭","5"
"玄奘","5"
"玄宗皇帝李隆基","5"
"延沼","5"
"阎宽","5"
"颜荛","5"
"杨焕","5"
"杨希道","5"
"姚宽","5"
"尹济翁","5"
"用虚","5"
"元淳","5"
"袁朗","5"
"云台峰五女仙","5"
"张鼎","5"
"张文规","5"
"张易之","5"
"张孜","5"
"赵福元","5"
"赵鸾鸾","5"
"赵士","5"
"赵与仁","5"
"郑綮","5"
"钟离权","5"
"周𣸣","5"
"朱君绪","5"
"祝元膺","5"
"鲍氏君徽","4"
"步非烟","4"
"蔡京","4"
"曾允元","4"
"常浩","4"
"陈","4"
"陈东","4"
"陈宫妃嫔","4"
"陈蓬","4"
"陈恕可","4"
"陈坦之","4"
"陈文亮","4"
"陈晔","4"
"陈义","4"
"陈郁","4"
"崔公远","4"
"崔全素","4"
"崔仲容","4"
"澹交","4"
"狄焕","4"
"丁宥","4"
"杜龙沙","4"
"法珍","4"
"冯著","4"
"甘露寺鬼","4"
"高瑾","4"
"高似孙","4"
"纥干著","4"
"耿时举","4"
"宫嫔","4"
"光业","4"
"郭子仪","4"
"韩常侍","4"
"韩仲宣","4"
"何","4"
"何希尧","4"
"后唐庄宗","4"
"胡玢","4"
"胡君防","4"
"胡令能","4"
"胡于","4"
"黄孝迈","4"
"慧棱","4"
"慧宣","4"
"吉师老","4"
"贾驰","4"
"贾彦璋","4"
"鉴堂","4"
"江开","4"
"金车美人","4"
"开成时儒","4"
"空海","4"
"李浩","4"
"李家明","4"
"李迥秀","4"
"李梦符","4"
"李琪","4"
"李深","4"
"李新","4"
"李玄光","4"
"李愿","4"
"李重元","4"
"林仙人","4"
"刘几","4"
"刘景翔","4"
"刘澜","4"
"刘允济","4"
"刘知几","4"
"刘子翚","4"
"楼钥","4"
"陆敬","4"
"吕同老","4"
"马异","4"
"梅坡","4"
"倪翼周","4"
"钱弘倧","4"
"钱熙","4"
"钱昱","4"
"曲龙山仙","4"
"邵桂子","4"
"沈括","4"
"沈廷瑞","4"
"沈与求","4"
"石正伦","4"
"苏涣","4"
"苏辙","4"
"唐珏","4"
"唐廪","4"
"唐明皇","4"
"陶埴","4"
"滕传胤","4"
"滕潜","4"
"万齐融","4"
"万俟绍之","4"
"汪宗臣","4"
"王感化","4"
"王延彬","4"
"王偃","4"
"韦璜","4"
"魏璞","4"
"温镗","4"
"吴淑姬1","4"
"吴翊","4"
"吴元可","4"
"奚贾","4"
"萧汉杰","4"
"谢勮","4"
"辛弘智","4"
"徐安国","4"
"徐宝之","4"
"薛令之","4"
"薛梦桂","4"
"薛戎","4"
"薛馧","4"
"叶景山","4"
"易思","4"
"尹懋","4"
"游九言","4"
"元万顷","4"
"张纮","4"
"张荐","4"
"张侃","4"
"张绍文","4"
"张随","4"
"张文姬","4"
"张元一","4"
"赵","4"
"赵必��","4"
"赵时奚","4"
"赵彦伯","4"
"赵子崧","4"
"甄龙友","4"
"郑启","4"
"郑仁表","4"
"郑熏初","4"
"郑辕","4"
"郑𫓩","4"
"织女","4"
"智常","4"
"钟谟","4"
"周纯","4"
"周存","4"
"周元范","4"
"朱千乘","4"
"卓英英","4"
"百兰","3"
"包贺","3"
"鲍君徽","3"
"毕耀","3"
"蔡戡","3"
"蔡隐丘","3"
"曹宰","3"
"曾原一","3"
"常理","3"
"陈东甫","3"
"陈济翁","3"
"陈嘉言","3"
"陈峤","3"
"陈景沂","3"
"陈贶","3"
"陈偕","3"
"陈以庄","3"
"陈用拙","3"
"程公许","3"
"程武","3"
"程长文","3"
"崔邠","3"
"崔善为","3"
"崔膺","3"
"崔知贤","3"
"道恒","3"
"德谦","3"
"丁默","3"
"洞庭龙君","3"
"窦参","3"
"独孤均","3"
"杜","3"
"杜淹","3"
"杜易简","3"
"杜正伦","3"
"冯友仁","3"
"符载","3"
"干康","3"
"高伯达","3"
"高宗皇帝李治","3"
"葛鵶儿","3"
"关注","3"
"郭子正","3"
"海顺","3"
"韩氏","3"
"何大圭","3"
"何兆","3"
"何仲举","3"
"和岘","3"
"贺兰朋吉","3"
"胡峤","3"
"胡元范","3"
"虎丘山石壁鬼","3"
"怀濬","3"
"黄大临","3"
"黄简","3"
"黄时龙","3"
"黄铢","3"
"慧救","3"
"霍安人","3"
"姜皎","3"
"蒋元龙","3"
"锦溪","3"
"景云","3"
"孔氏","3"
"孔夷","3"
"李崇嗣","3"
"李德载","3"
"李夫人","3"
"李节度姬","3"
"李景伯","3"
"李琳","3"
"李隆基","3"
"李穆","3"
"李仁本","3"
"李荣","3"
"李舜弦","3"
"李亿","3"
"李泳","3"
"李淛","3"
"李仲光","3"
"廉氏","3"
"梁栋","3"
"林伯镇","3"
"林杰","3"
"令参","3"
"令狐峤","3"
"刘猛","3"
"刘潜","3"
"刘望之","3"
"刘行敏","3"
"刘铉","3"
"刘瑶","3"
"刘隐辞","3"
"刘云","3"
"楼枎","3"
"卢拱","3"
"卢元辅","3"
"陆蟾","3"
"陆海","3"
"陆凝之","3"
"陆叡","3"
"洛川仙女","3"
"马伯升","3"
"眉娘","3"
"梅远","3"
"南唐嗣主李璟","3"
"欧阳彬","3"
"欧阳询","3"
"潘孟阳","3"
"裴守真","3"
"裴谞","3"
"彭履道","3"
"彭耜","3"
"彭泰翁","3"
"捧劒仆","3"
"钱元瓘","3"
"清豁","3"
"任华","3"
"如满","3"
"若虚","3"
"僧鸾","3"
"善珍","3"
"商山客死书生","3"
"上元夫人","3"
"邵叔齐","3"
"沈宇","3"
"师鼐","3"
"施枢","3"
"史深","3"
"嗣主璟","3"
"嵩山女","3"
"宋鼎","3"
"宋济","3"
"宋维","3"
"宋务光","3"
"苏广文","3"
"苏茂一","3"
"孙氏","3"
"孙叔向","3"
"昙域","3"
"谭峭","3"
"唐暄","3"
"唐艺孙","3"
"陶晟","3"
"王安礼","3"
"王操","3"
"王福娘","3"
"王𪟝","3"
"王继勋","3"
"王勔","3"
"王同祖","3"
"王野","3"
"王韫秀","3"
"王子容","3"
"危稹","3"
"韦安石","3"
"韦检亡姬","3"
"惟审","3"
"魏炎","3"
"魏元忠","3"
"无名鬼","3"
"吴编修","3"
"吴资","3"
"伍唐珪","3"
"武涉","3"
"湘中蛟女","3"
"萧","3"
"萧昕","3"
"萧翼","3"
"萧元之","3"
"小白","3"
"谢绛","3"
"熊以宁","3"
"徐璧","3"
"徐昌图","3"
"徐光溥","3"
"徐灵府","3"
"徐去非","3"
"徐月英","3"
"徐知证","3"
"续雪谷","3"
"玄泰","3"
"严休复","3"
"颜萱","3"
"杨玢","3"
"杨达","3"
"杨德辉","3"
"杨端臣","3"
"杨均","3"
"杨樵云","3"
"杨韶父","3"
"杨缵","3"
"夷陵女郎","3"
"义褒","3"
"易祓","3"
"尹焕","3"
"俞紫芝","3"
"圆观","3"
"袁吉","3"
"臧鲁子","3"
"詹克爱","3"
"詹雄","3"
"张艾","3"
"张白","3"
"张昌宗","3"
"张贾","3"
"张峤","3"
"张立","3"
"张良臣","3"
"张林","3"
"张淑芳","3"
"张司马","3"
"张万顷","3"
"张幼谦","3"
"张氲","3"
"张众甫","3"
"赵蕃","3"
"赵桓","3"
"赵师律","3"
"赵温之","3"
"赵征明","3"
"甄后","3"
"郑常","3"
"郑颢","3"
"郑觉斋","3"
"郑渥","3"
"郑獬","3"
"郑薰","3"
"知玄","3"
"锺将之","3"
"周墀","3"
"周孚先","3"
"周瑀","3"
"朱光弼","3"
"朱埴","3"
"邹应博","3"
"祖可","3"
"左誉","3"
"鲍家四弦","2"
"毕大节","2"
"毕良史","2"
"辨才","2"
"辨正","2"
"病狂人","2"
"卜天寿","2"
"布燮","2"
"蔡昆","2"
"蔡士裕","2"
"曹希蕴","2"
"曾弼","2"
"曾栋","2"
"曾寓轩","2"
"曾原郕","2"
"柴宿","2"
"畅诸","2"
"陈策","2"
"陈从道","2"
"陈达叟","2"
"陈逢辰","2"
"陈沆","2"
"陈京","2"
"陈康伯","2"
"陈睦","2"
"陈耆卿","2"
"陈袭善","2"
"陈诩","2"
"陈云","2"
"陈之贤","2"
"程过","2"
"程霁岩","2"
"程杰","2"
"程嵩","2"
"程逊","2"
"崇圣寺鬼","2"
"储泳","2"
"褚生","2"
"慈恩塔院女仙","2"
"崔敦诗","2"
"崔何","2"
"崔立言","2"
"崔璘","2"
"崔木","2"
"崔日知","2"
"崔枢","2"
"崔五嫂","2"
"崔信明","2"
"崔玄童","2"
"大易","2"
"戴衢","2"
"戴偃","2"
"戴翼","2"
"道溥","2"
"道虔","2"
"德圆","2"
"邓有功","2"
"丁求安","2"
"丁儒","2"
"丁谓","2"
"丁无悔","2"
"董","2"
"董嗣杲","2"
"豆卢复","2"
"窦梁宾","2"
"窦威","2"
"窦仪","2"
"法宣","2"
"樊晃","2"
"范端臣","2"
"范禹偁","2"
"范元凯","2"
"范周","2"
"方壶居士","2"
"方有开","2"
"房舜卿","2"
"房元阳","2"
"斐公衍","2"
"丰干","2"
"封特卿","2"
"冯延鲁","2"
"冯友义","2"
"冯铢","2"
"芙蓉古丈夫　毛女","2"
"辅国将军","2"
"富春沙际鬼","2"
"富嘉谟","2"
"高峤","2"
"高力士","2"
"高辇","2"
"高球","2"
"高正臣","2"
"高翥","2"
"高子芳","2"
"弓嗣初","2"
"故台城妓","2"
"光温古","2"
"广利王女","2"
"归晓","2"
"郭居安","2"
"郭良","2"
"韩驹","2"
"韩世忠","2"
"韩湘","2"
"韩襄客","2"
"韩昭","2"
"郝子直","2"
"何蠲","2"
"何鸾","2"
"何元","2"
"河北士人","2"
"贺朝清","2"
"胡[证]","2"
"胡伯崇","2"
"胡惠斋","2"
"胡平仲","2"
"胡舜陟","2"
"胡松年","2"
"胡寅","2"
"胡幽贞","2"
"胡仔","2"
"花蘂夫人","2"
"花仲胤妻","2"
"怀浦","2"
"黄崇嘏","2"
"黄大舆","2"
"黄冠道人","2"
"黄璞","2"
"黄中辅","2"
"黄铸","2"
"黄子野","2"
"慧光","2"
"慧偘","2"
"乩仙","2"
"江文蔚","2"
"蒋钧","2"
"蒋思恭","2"
"蒋挺","2"
"蒋维东","2"
"蒋琰","2"
"解","2"
"静山","2"
"酒肆布衣","2"
"鞠华翁","2"
"孔矩","2"
"匡仁","2"
"匡山和尚","2"
"雷应春","2"
"李昪","2"
"李宾","2"
"李博士","2"
"李搏","2"
"李聪","2"
"李观象","2"
"李瀚","2"
"李好义","2"
"李宏臯","2"
"李怀远","2"
"李焕","2"
"李结","2"
"李谨言","2"
"李景","2"
"李敬伯","2"
"李敬玄","2"
"李久善","2"
"李居仁","2"
"李珏","2"
"李茂复","2"
"李沛","2"
"李栖筠","2"
"李洤","2"
"李如实","2"
"李善夷","2"
"李士元","2"
"李收","2"
"李叔卿","2"
"李太玄","2"
"李行言","2"
"李章","2"
"李直方","2"
"李遵","2"
"丽天和尚","2"
"连静女","2"
"梁大年","2"
"梁德裕","2"
"梁氏琼","2"
"梁献","2"
"梁意娘","2"
"廖世美","2"
"廖莹中","2"
"林自然","2"
"临川小吏","2"
"刘敞","2"
"刘道昌","2"
"刘洞","2"
"刘吉","2"
"刘洎","2"
"刘鉴","2"
"刘泾","2"
"刘清之","2"
"刘氏妇","2"
"刘氏亡妇","2"
"刘氏媛","2"
"刘氏云","2"
"刘希移","2"
"刘延坚","2"
"刘乙","2"
"刘瞻","2"
"刘长川","2"
"刘镇1","2"
"刘子实","2"
"刘子翼","2"
"柳泌","2"
"楼","2"
"卢承丘","2"
"卢道者","2"
"卢绛","2"
"卢群玉","2"
"卢尚书","2"
"卢携","2"
"卢溵","2"
"卢郢","2"
"卢注","2"
"陆翱","2"
"陆翚","2"
"陆坚","2"
"陆淞","2"
"陆扆","2"
"路半千","2"
"路单","2"
"吕敞","2"
"吕南公","2"
"罗衮","2"
"罗汉和尚","2"
"罗让","2"
"罗愿","2"
"洛中举子","2"
"骆仲舒","2"
"马希振","2"
"马友鹿","2"
"马周","2"
"毛女正美","2"
"毛珝","2"
"美奴","2"
"孟嘏","2"
"孟氏","2"
"孟蜀妃张太华","2"
"米岭和尚","2"
"闽后陈氏","2"
"穆寂","2"
"南山居士","2"
"聂胜琼","2"
"聂通志","2"
"牛殳","2"
"欧阳光祖","2"
"欧阳瑾","2"
"欧阳澥","2"
"庞德公","2"
"裴略","2"
"裴廷裕","2"
"裴湘","2"
"裴延","2"
"裴羽仙","2"
"彭晓","2"
"彭止","2"
"皮光业","2"
"普化和尚","2"
"栖一","2"
"钱处仁","2"
"钱俶","2"
"钱弘佐","2"
"钱众仲","2"
"窃杯女子","2"
"琴操","2"
"清范","2"
"屈同仙","2"
"权审","2"
"任鹄","2"
"任生","2"
"如体","2"
"芮辉","2"
"若讷","2"
"商山三丈夫","2"
"尚能","2"
"邵伯温","2"
"沈徽","2"
"沈邈","2"
"沈叔安","2"
"施翠岩","2"
"石耆翁","2"
"石殷士","2"
"石召","2"
"史昂","2"
"史可堂","2"
"史松","2"
"舒道纪","2"
"蜀宫人","2"
"蜀主王衍","2"
"司马承祯","2"
"思托","2"
"宋家娘子","2"
"宋雍","2"
"宋媛","2"
"苏","2"
"苏检妻","2"
"苏癿","2"
"孙浩然","2"
"孙锐","2"
"孙𬱟","2"
"谈羲仲","2"
"谈戭","2"
"谭意哥","2"
"唐枢","2"
"唐希雅","2"
"唐怡","2"
"淘沙子","2"
"滕白","2"
"滕甫","2"
"天宝宫人","2"
"田敏","2"
"田中行","2"
"童汉卿","2"
"王大简","2"
"王大烈","2"
"王高","2"
"王光庭","2"
"王珪","2"
"王渐","2"
"王居安","2"
"王丽真","2"
"王茂孙","2"
"王齐叟","2"
"王乔","2"
"王沈","2"
"王审知","2"
"王十八郎","2"
"王氏","2"
"王纬","2"
"王武陵","2"
"王武子","2"
"王霞卿","2"
"王仙仙","2"
"王熊","2"
"王训","2"
"王严光","2"
"王炎1","2"
"王衍","2"
"王瓒","2"
"王澡","2"
"王仲简","2"
"王重","2"
"韦鹏翼","2"
"韦迢","2"
"韦洵美","2"
"卫时敏","2"
"卫元卿","2"
"魏丕","2"
"魏朴","2"
"魏杞","2"
"魏庭玉","2"
"魏玄同","2"
"温会","2"
"温翁念","2"
"文秀","2"
"翁合","2"
"无闷","2"
"吴季子","2"
"吴康","2"
"吴象之","2"
"吴亿","2"
"吴镒","2"
"吴烛","2"
"伍彬","2"
"西鄙人","2"
"希道","2"
"希运","2"
"夏侯孜","2"
"向希尹","2"
"萧彧","2"
"小静","2"
"晓荣","2"
"谢观","2"
"谢邈","2"
"谢明远","2"
"熊皦","2"
"徐","2"
"徐峤","2"
"徐君宝妻","2"
"徐侃","2"
"徐明仲","2"
"徐谦","2"
"徐叔至","2"
"徐巡官","2"
"徐源","2"
"徐振","2"
"许鼎","2"
"许将","2"
"许岷","2"
"许碏","2"
"许学士","2"
"许左之","2"
"玄览","2"
"玄应","2"
"薛昌朝","2"
"薛维翰","2"
"薛正明","2"
"亚栖","2"
"严参","2"
"严都","2"
"严识玄","2"
"严羽","2"
"阎德隐","2"
"颜博文","2"
"颜仁郁","2"
"阳枋","2"
"杨凫","2"
"杨谏","2"
"杨逵","2"
"杨莱儿","2"
"杨廉","2"
"杨奇鲲","2"
"杨师纯","2"
"杨氏","2"
"杨思玄","2"
"杨行敏","2"
"杨兴义","2"
"杨炎","2"
"杨义方","2"
"杨真人","2"
"杨知至","2"
"姚伦","2"
"姚氏月华","2"
"姚赞","2"
"叶路钤","2"
"伊梦昌","2"
"易少夫人","2"
"殷七七","2"
"殷寅","2"
"尹词客","2"
"尹公远","2"
"隐山和尚","2"
"应法孙","2"
"尤袤","2"
"游子蒙","2"
"于志宁","2"
"虞俦","2"
"虞羽客","2"
"宇文鼎","2"
"元绛","2"
"元凛","2"
"员南溟","2"
"袁","2"
"袁傪","2"
"袁瓘","2"
"缘观","2"
"约禅师","2"
"岳甫","2"
"越溪杨女","2"
"择禅师","2"
"詹无咎","2"
"张安石","2"
"张半湖","2"
"张保胤","2"
"张表臣","2"
"张炽","2"
"张焘","2"
"张端义","2"
"张复元","2"
"张格","2"
"张桂","2"
"张垍","2"
"张洎","2"
"张杰","2"
"张景修","2"
"张扩","2"
"张连","2"
"张令问","2"
"张履信","2"
"张磐","2"
"张齐贤","2"
"张起","2"
"张商英","2"
"张生2","2"
"张时甫","2"
"张氏","2"
"张叔卿","2"
"张松龄","2"
"张文恭","2"
"张希复","2"
"张锡","2"
"张修之","2"
"张宣明","2"
"张烜","2"
"张祎","2"
"张义方","2"
"张瑛","2"
"张振祖","2"
"张直","2"
"章斯才","2"
"长孙正隐","2"
"赵溍","2"
"赵居贞","2"
"赵匡胤","2"
"赵良器","2"
"赵磻老","2"
"赵企","2"
"赵谦光","2"
"赵抟","2"
"赵微明","2"
"赵希迈","2"
"赵与洽","2"
"郑达可","2"
"郑蕡","2"
"郑缙","2"
"郑少微","2"
"郑元弼","2"
"郑元秀","2"
"郑愿","2"
"织锦人","2"
"智藏","2"
"智封","2"
"智通","2"
"钟辰翁","2"
"钟蒨","2"
"周弼","2"
"周伯阳","2"
"周辉","2"
"周如锡","2"
"周申","2"
"周思钧","2"
"周文璞","2"
"周彦晖","2"
"周云","2"
"朱冲和","2"
"朱涣","2"
"朱宿","2"
"朱希真","2"
"朱元夫","2"
"朱贞白","2"
"朱子厚","2"
"朱子奢","2"
"朱子真","2"
"祝穆","2"
"祝钦明","2"
"庄翱","2"
"紫姑","2"
"紫微孙处士","2"
"邹浩","2"
"邹绍先","2"
"祖吴","2"
"[严]续姬","1"
"□嘉惠","1"
"□阳","1"
"安凤","1"
"安鸿渐","1"
"安锜","1"
"安守范","1"
"安邑坊女","1"
"巴陵馆鬼","1"
"巴谈","1"
"巴峡鬼","1"
"巴州守","1"
"白衫举子","1"
"包恢","1"
"包荣父","1"
"包颕","1"
"包颖","1"
"宝津","1"
"宝历宫人","1"
"保初","1"
"鲍氏君[徽]微","1"
"卑叔文","1"
"本空","1"
"毕干泰","1"
"碧虚","1"
"蔡瓌","1"
"蔡确","1"
"蔡文恭","1"
"蔡希周","1"
"蔡押衙","1"
"蔡幼学","1"
"蔡允恭","1"
"蔡真人","1"
"沧浩","1"
"曹良史","1"
"曹稆孙","1"
"曹戵","1"
"曹生","1"
"曹文姬","1"
"曹修古","1"
"曹彦约","1"
"曹真人","1"
"草夫人","1"
"岑义","1"
"曾崇范妻","1"
"曾逮","1"
"曾诞","1"
"曾惇","1"
"曾巩","1"
"曾宏正","1"
"曾扈","1"
"曾开国","1"
"曾隶","1"
"曾麻几","1"
"曾乾曜","1"
"曾晞颜","1"
"曾颜","1"
"曾寅孙","1"
"曾肇","1"
"曾中思","1"
"查","1"
"查文徽","1"
"查元方","1"
"禅峰","1"
"常非月","1"
"常雅","1"
"常沂","1"
"畅甫","1"
"晁公武","1"
"晁祖道","1"
"陈璧","1"
"陈秉文","1"
"陈草阁","1"
"陈成之","1"
"陈乘","1"
"陈充","1"
"陈从古","1"
"陈璀","1"
"陈端","1"
"陈璠","1"
"陈凤仪","1"
"陈敷","1"
"陈甫","1"
"陈鹄","1"
"陈合","1"
"陈祜","1"
"陈嘉","1"
"陈居仁","1"
"陈垲","1"
"陈梦协","1"
"陈凝","1"
"陈潜心","1"
"陈日章","1"
"陈汝羲","1"
"陈闰","1"
"陈若晦","1"
"陈若水","1"
"陈善","1"
"陈上卿","1"
"陈诜","1"
"陈士豪","1"
"陈曙","1"
"陈述","1"
"陈舜翁","1"
"陈素风","1"
"陈孙","1"
"陈蜕","1"
"陈惟哲","1"
"陈文弼","1"
"陈无咎","1"
"陈嶰","1"
"陈秀才","1"
"陈彦","1"
"陈彦章妻","1"
"陈谊","1"
"陈咏","1"
"陈玉兰","1"
"陈元初","1"
"陈元裕","1"
"陈长官","1"
"陈昭","1"
"陈政","1"
"陈知柔","1"
"陈致雍","1"
"陈中师","1"
"陈祖安","1"
"成都醉道士","1"
"成公简","1"
"成文干","1"
"成㟧","1"
"程伯春","1"
"程东湾","1"
"程和仲","1"
"程邻","1"
"程洛宾","1"
"程梅斋","1"
"程弥纶","1"
"程师孟","1"
"程氏长文","1"
"程先","1"
"程行谌","1"
"程序","1"
"程准","1"
"楚儿","1"
"楚娘","1"
"处真","1"
"春娘","1"
"慈恩寺沙门","1"
"慈觉","1"
"从范","1"
"从朗","1"
"崔□","1"
"崔常侍","1"
"崔成甫","1"
"崔幢","1"
"崔涤","1"
"崔藩","1"
"崔耿","1"
"崔公辅","1"
"崔公佐客","1"
"崔恭","1"
"崔怀宝","1"
"崔惠童","1"
"崔季卿","1"
"崔建","1"
"崔江","1"
"崔李二生","1"
"崔敏童","1"
"崔岐","1"
"崔锜","1"
"崔若砺","1"
"崔尚","1"
"崔少玄","1"
"崔氏","1"
"崔素娥","1"
"崔行检","1"
"崔郾","1"
"崔元明","1"
"崔中","1"
"崔紫云","1"
"崔宗","1"
"崔宗之","1"
"翠微翁","1"
"村寺僧","1"
"存初公","1"
"措多","1"
"大颠","1"
"大同济禅师","1"
"大闲","1"
"大愚","1"
"大宗","1"
"代宗","1"
"戴察","1"
"戴复古妻","1"
"戴公怀","1"
"戴光乂","1"
"戴良","1"
"戴寥","1"
"戴平之","1"
"戴山隐","1"
"戴休珽","1"
"躭章","1"
"淡然","1"
"道常","1"
"道恭","1"
"道会","1"
"道朗","1"
"道吾和尚","1"
"道彦","1"
"德韶","1"
"德宗宫人","1"
"德宗皇帝李适","1"
"德最","1"
"邓廷闻","1"
"邓洵美","1"
"邓倚","1"
"邓陟","1"
"狄常侍","1"
"狄仁杰","1"
"丁察院","1"
"丁持正","1"
"丁黼","1"
"丁几仲","1"
"丁居晦","1"
"丁羲叟","1"
"丁仙现","1"
"丁仲远","1"
"丁注","1"
"定御","1"
"东冈","1"
"董初","1"
"董大仙","1"
"董德元","1"
"董武子","1"
"都下妓","1"
"豆卢岑","1"
"豆卢回","1"
"窦昉","1"
"窦夫人","1"
"窦弘余","1"
"窦冀","1"
"窦蒙","1"
"窦俨","1"
"窦裕","1"
"独孤申叔","1"
"独孤实","1"
"独孤遐叔妻白氏","1"
"独孤贞节","1"
"杜安道","1"
"杜大中妾","1"
"杜东","1"
"杜鸿渐","1"
"杜寂","1"
"杜兼","1"
"杜建徽","1"
"杜良臣","1"
"杜仁杰","1"
"杜俨","1"
"杜旃","1"
"杜之松","1"
"杜周士","1"
"段谷","1"
"段宏章","1"
"段倚","1"
"萼岭书生","1"
"尔鸟","1"
"尔朱翺","1"
"法常","1"
"法达","1"
"法海","1"
"法进","1"
"法觐","1"
"法轮","1"
"法满","1"
"樊忱","1"
"樊寔","1"
"繁知一","1"
"范崇","1"
"范纯仁","1"
"范的","1"
"范飞","1"
"范宽之","1"
"范梦龙","1"
"范洒心","1"
"范氏子","1"
"范文","1"
"范炎","1"
"范夜","1"
"范赞时","1"
"范致虚","1"
"范智闻","1"
"方衡","1"
"方君遇","1"
"方味道","1"
"方信孺","1"
"方愚","1"
"方棫","1"
"方泽","1"
"方资","1"
"房融","1"
"房孺复","1"
"房旭","1"
"费时举","1"
"瀵水神","1"
"丰禅师","1"
"封抱一","1"
"封行高","1"
"冯道幕客","1"
"冯道之","1"
"冯晖","1"
"冯戡","1"
"冯熔","1"
"冯少吉","1"
"冯应瑞","1"
"冯渚","1"
"奉蚌","1"
"伏牛小师","1"
"符昭远","1"
"符子珪","1"
"福建士子","1"
"福全","1"
"复礼","1"
"傅伯达","1"
"傅温","1"
"傅自得","1"
"富ノ","1"
"赋梅","1"
"甘洽","1"
"高鹤林","1"
"高迈","1"
"高若拙","1"
"高绍","1"
"高士廉","1"
"高亭","1"
"高惟月","1"
"高宣教","1"
"高瀛","1"
"高元矩","1"
"高远","1"
"高越","1"
"高智周","1"
"高祖","1"
"纥干讽","1"
"葛氏女","1"
"葛玄","1"
"隔窗鬼","1"
"公畿和尚","1"
"公孙杲","1"
"龚日升","1"
"勾令玄","1"
"勾龙逢","1"
"鼓峰","1"
"顾卞","1"
"顾伟","1"
"顾効古","1"
"关咏","1"
"观梅女仙","1"
"管雄甫","1"
"光	威	裒","1"
"广陵道士","1"
"广文诸生","1"
"归氏子","1"
"郭□□","1"
"郭恭","1"
"郭讵","1"
"郭求","1"
"郭仁表","1"
"郭汭","1"
"郭绍兰","1"
"郭思","1"
"郭廷谓","1"
"郭祥正","1"
"郭向","1"
"郭邕","1"
"郭章","1"
"郭正一","1"
"郭仲宣","1"
"郭仲循","1"
"国邵南","1"
"国学生","1"
"海哥","1"
"韩察","1"
"韩垂","1"
"韩定辞","1"
"韩璜","1"
"韩嘉彦","1"
"韩绛","1"
"韩泰","1"
"韩王从善","1"
"韩王元嘉","1"
"韩熙载客","1"
"韩喜","1"
"韩仙姑","1"
"韩信同","1"
"韩雄","1"
"韩续","1"
"韩弇","1"
"韩彦古","1"
"韩仪","1"
"韩屿","1"
"韩昭裔","1"
"韩缜姬","1"
"韩准","1"
"汉皓","1"
"浩虚舟","1"
"何昌龄","1"
"何承裕","1"
"何锄翁","1"
"何得之","1"
"何光大","1"
"何景山","1"
"何敬","1"
"何涓","1"
"何令修","1"
"何儒亮","1"
"何师心","1"
"何蓑衣道人","1"
"何象","1"
"何元上","1"
"何赞","1"
"何仲宣","1"
"何籀","1"
"何作善","1"
"河[湄]鬼","1"
"河中鬼","1"
"贺敱","1"
"贺公","1"
"贺及","1"
"贺兰求","1"
"贺兰遂","1"
"贺兰暹","1"
"贺遂亮","1"
"贺遂涉","1"
"衡州舟子","1"
"红螺山和尚","1"
"洪惠英","1"
"洪寿","1"
"洪州将军","1"
"洪子大","1"
"洪子舆","1"
"侯蒙","1"
"侯彭老","1"
"侯氏","1"
"后蜀嗣主孟昶","1"
"后蜀主孟昶","1"
"后唐厨官","1"
"胡传美","1"
"胡德芳","1"
"胡夫人","1"
"胡杲","1"
"胡徽","1"
"胡权","1"
"胡幼黄","1"
"胡元龟","1"
"胡运","1"
"胡仲弓","1"
"胡擢","1"
"扈载","1"
"花仲胤","1"
"华清淑","1"
"华山老人","1"
"淮南幕吏","1"
"淮上女","1"
"桓颙","1"
"寰普","1"
"皇甫斌","1"
"皇甫大夫","1"
"皇甫继勋","1"
"黄蟾","1"
"黄诚之","1"
"黄定","1"
"黄幡绰","1"
"黄夫人","1"
"黄革","1"
"黄格","1"
"黄冠野夫","1"
"黄霁宇","1"
"黄静淑","1"
"黄可","1"
"黄麟","1"
"黄陵美人","1"
"黄某","1"
"黄判院","1"
"黄仁荣","1"
"黄山隐","1"
"黄师参","1"
"黄叔达","1"
"黄水村","1"
"黄舜英","1"
"黄谈","1"
"黄廷璹","1"
"黄庭佐","1"
"黄通判","1"
"黄童","1"
"黄文","1"
"黄岩叟","1"
"黄应武","1"
"黄右曹","1"
"黄宰","1"
"黄中","1"
"黄子功","1"
"黄子棱","1"
"晖和尚","1"
"晦庵","1"
"惠敏","1"
"惠文太子","1"
"惠𫖮","1"
"慧藏","1"
"慧集法师","1"
"慧坚","1"
"吉皎","1"
"吉王从谦","1"
"吉中孚妻张氏","1"
"纪唐天","1"
"季方","1"
"季广琛","1"
"季仲砥","1"
"冀金","1"
"贾逋","1"
"贾昌朝","1"
"贾少卿","1"
"贾竦","1"
"贾言淑","1"
"贾奕","1"
"贾逸祖","1"
"贾应","1"
"贾元逊","1"
"贾宗","1"
"建业卜者","1"
"江汉","1"
"江津","1"
"江景防","1"
"江陵士子","1"
"江满昌","1"
"江袤","1"
"江史君","1"
"江万里","1"
"江纬","1"
"江无□","1"
"江衍","1"
"江直木","1"
"江致和","1"
"姜个翁","1"
"姜晞","1"
"蒋璨","1"
"蒋密","1"
"蒋氏","1"
"蒋氏女","1"
"蒋宗简","1"
"解叔禄","1"
"解彦融","1"
"介胄鬼","1"
"金昌绪","1"
"金昌宗","1"
"金德淑","1"
"金可纪","1"
"金立之","1"
"金淑柔","1"
"金云卿","1"
"金真德","1"
"京师小子弟","1"
"京兆韦氏子","1"
"荆冬倩","1"
"荆人","1"
"荆叔","1"
"荆州僧","1"
"景池","1"
"景龙文馆学士","1"
"敬相","1"
"静泰","1"
"九华山白衣","1"
"久则","1"
"菊翁","1"
"剧燕","1"
"觉隐","1"
"开宝中江南叟","1"
"开成朝士","1"
"开元宫人","1"
"康道","1"
"康骈","1"
"康庭芝","1"
"康翊仁","1"
"康仲伯","1"
"可隆","1"
"可勋","1"
"客户里女子","1"
"孔平仲","1"
"孔颙","1"
"寇寺丞","1"
"寇埴","1"
"窥基","1"
"来济","1"
"蓝采和","1"
"懒堂女子","1"
"郎余令","1"
"朗上座","1"
"乐伸","1"
"乐史","1"
"乐婉","1"
"乐仲卿","1"
"了元","1"
"冷朝光","1"
"骊山游人","1"
"黎道静","1"
"黎瓘","1"
"李□","1"
"李翺","1"
"李邦献","1"
"李伯虎","1"
"李伯良","1"
"李昌遇","1"
"李忱","1"
"李澄之","1"
"李从谦","1"
"李从远","1"
"李漼","1"
"李大宝","1"
"李得","1"
"李都","1"
"李度","1"
"李端公","1"
"李敦诗","1"
"李范","1"
"李峰","1"
"李福业","1"
"李公佐仆","1"
"李归唐","1"
"李好古2","1"
"李浩弼","1"
"李何","1"
"李和风","1"
"李恒","1"
"李弘茂","1"
"李宏模","1"
"李祜","1"
"李花开","1"
"李淮","1"
"李澣","1"
"李慧之","1"
"李季萼","1"
"李季华","1"
"李季兰","1"
"李嘉运","1"
"李兼","1"
"李建枢","1"
"李建业","1"
"李节","1"
"李京","1"
"李景良","1"
"李景遂","1"
"李敬则","1"
"李靖","1"
"李君武","1"
"李君行","1"
"李堪","1"
"李伉","1"
"李克恭","1"
"李夔","1"
"李令","1"
"李伦","1"
"李密","1"
"李明","1"
"李溟","1"
"李南金","1"
"李朋","1"
"李鹏","1"
"李平","1"
"李朴","1"
"李钦止","1"
"李清臣","1"
"李璆","1"
"李铨","1"
"李仁悦","1"
"李日新","1"
"李日知","1"
"李如璧","1"
"李善美","1"
"李善宁之子","1"
"李韶","1"
"李升","1"
"李生","1"
"李石才","1"
"李氏1","1"
"李氏2","1"
"李世民","1"
"李侍御","1"
"李寿朋","1"
"李叔霁","1"
"李霜涯","1"
"李思聪","1"
"李损之","1"
"李潭","1"
"李坦然","1"
"李璮","1"
"李体仁","1"
"李天骥","1"
"李廷璧","1"
"李头陀","1"
"李团湖","1"
"李渭","1"
"李蔚","1"
"李习","1"
"李咸","1"
"李敻","1"
"李秀兰","1"
"李许","1"
"李序","1"
"李续","1"
"李勋","1"
"李询","1"
"李延陵","1"
"李颜","1"
"李彦𬀩","1"
"李曜","1"
"李邺","1"
"李晔","1"
"李夷邺","1"
"李义山","1"
"李驿","1"
"李逸","1"
"李寅仲","1"
"李婴","1"
"李虞","1"
"李羽","1"
"李庾","1"
"李玉","1"
"李玉箫","1"
"李郁","1"
"李裕翁","1"
"李渊","1"
"李元礼","1"
"李元卓","1"
"李芸子","1"
"李赞华","1"
"李沼","1"
"李缜","1"
"李振祖","1"
"李震","1"
"李征古","1"
"李之问","1"
"李挚","1"
"李致远","1"
"李仲虺","1"
"李昼","1"
"李胄","1"
"李主簿","1"
"李主簿姬","1"
"李子昂","1"
"李子申","1"
"李子酉","1"
"李𬜪","1"
"理莹","1"
"醴陵士人","1"
"厉寺正","1"
"厉翼","1"
"厉元范","1"
"立斋","1"
"吏部选人","1"
"利涉","1"
"连久道","1"
"连妙淑","1"
"连仲宣","1"
"莲花妓","1"
"良人","1"
"梁安世","1"
"梁宝","1"
"梁补阙","1"
"梁明夫","1"
"梁洽","1"
"梁去惑","1"
"梁升卿","1"
"梁载言","1"
"梁藻","1"
"梁震","1"
"梁知微","1"
"梁陟","1"
"廖处士","1"
"廖匡齐","1"
"廖正一","1"
"邻道场人","1"
"林表民","1"
"林楚才","1"
"林楚材","1"
"林楚翘","1"
"林铎","1"
"林璠","1"
"林逢","1"
"林革","1"
"林横舟","1"
"林洪","1"
"林季仲","1"
"林琨","1"
"林披","1"
"林实之","1"
"林氏","1"
"林式之","1"
"林外","1"
"林无隐","1"
"林先辈","1"
"林珝","1"
"林仰","1"
"林钟宫","1"
"璘禅师","1"
"伶人","1"
"灵岩","1"
"灵业","1"
"灵照","1"
"灵准","1"
"凌行婆","1"
"令狐德棻","1"
"令狐挺","1"
"刘大辨","1"
"刘德秀","1"
"刘鼎臣妻","1"
"刘溉","1"
"刘臯","1"
"刘公兴","1"
"刘公子","1"
"刘珙","1"
"刘谷","1"
"刘贵翁","1"
"刘沆","1"
"刘浩","1"
"刘怀一","1"
"刘季裴","1"
"刘济","1"
"刘戬","1"
"刘涧谷","1"
"刘颉","1"
"刘景复","1"
"刘敬之","1"
"刘菊房","1"
"刘均国","1"
"刘浚","1"
"刘克逊","1"
"刘廓","1"
"刘鲁风","1"
"刘璐","1"
"刘袤","1"
"刘南翁","1"
"刘绮庄","1"
"刘珃","1"
"刘仁父","1"
"刘仁轨","1"
"刘山甫","1"
"刘山老","1"
"刘升","1"
"刘省斋","1"
"刘使君","1"
"刘氏","1"
"刘氏瑶","1"
"刘侍读","1"
"刘守","1"
"刘淑柔","1"
"刘述","1"
"刘思真","1"
"刘坦","1"
"刘天游","1"
"刘彤","1"
"刘羲叟","1"
"刘性初","1"
"刘学颜","1"
"刘炎","1"
"刘夷道","1"
"刘乂","1"
"刘义","1"
"刘义度","1"
"刘应几","1"
"刘应李","1"
"刘应雄","1"
"刘友贤","1"
"刘元济","1"
"刘元叔","1"
"刘元淑","1"
"刘元载妻","1"
"刘源","1"
"刘云甫","1"
"刘皂","1"
"刘章","1"
"刘真","1"
"刘震孙","1"
"刘之翰","1"
"刘仲讷","1"
"刘子玄","1"
"刘𤤺","1"
"留晚香","1"
"留元崇","1"
"留元刚","1"
"柳曾","1"
"柳逢","1"
"柳富","1"
"柳华淑","1"
"柳明献","1"
"龙端是","1"
"龙护老人","1"
"龙女","1"
"龙紫蓬","1"
"楼锷","1"
"卢弼","1"
"卢幷","1"
"卢崇道","1"
"卢诰","1"
"卢茂钦","1"
"卢鉟","1"
"卢群","1"
"卢士政","1"
"卢氏","1"
"卢嵩","1"
"卢条","1"
"卢文纪","1"
"卢献卿","1"
"卢休","1"
"卢秀才","1"
"卢言","1"
"卢邕","1"
"卢栯","1"
"卢载","1"
"卢照隣","1"
"卢真","1"
"卢征","1"
"卢子发","1"
"鲁","1"
"陆汉广","1"
"陆弘休","1"
"陆搢","1"
"陆景初","1"
"陆凭","1"
"陆侍御","1"
"陆象泽","1"
"陆岩梦","1"
"陆游妾某氏","1"
"陆禹臣","1"
"陆蕴","1"
"陆贞洞","1"
"陆子","1"
"路贯","1"
"路洵美","1"
"路岩","1"
"闾丘次杲","1"
"闾丘均","1"
"闾丘晓","1"
"吕价","1"
"吕炅","1"
"吕太一","1"
"吕希纯","1"
"吕颐浩","1"
"吕直夫","1"
"罗椿","1"
"罗炯","1"
"罗泰","1"
"罗万象","1"
"罗维","1"
"罗惜惜","1"
"罗颖","1"
"罗子","1"
"洛阳女","1"
"骆浚","1"
"麻温其","1"
"马成","1"
"马光祖","1"
"马令","1"
"马天骥","1"
"马咸","1"
"马珦","1"
"马彦珪","1"
"马乂","1"
"马彧","1"
"马致恭","1"
"卖药道人","1"
"芒鞵道人","1"
"毛炳","1"
"毛大仙","1"
"毛明素","1"
"毛熙圣","1"
"梅娇","1"
"梅顺淑","1"
"孟安序","1"
"孟翺","1"
"孟不疑","1"
"孟昶","1"
"孟归唐","1"
"孟匡明","1"
"孟翔","1"
"孟婴","1"
"米都知","1"
"密陀僧","1"
"苗仲方","1"
"妙女","1"
"闽王王继鹏","1"
"明解","1"
"冥吏","1"
"谬独一","1"
"莫起炎","1"
"牟子才","1"
"缪氏子","1"
"某大德","1"
"某教授","1"
"某两地","1"
"某邑妓","1"
"木客","1"
"慕容垂","1"
"慕容卿妻","1"
"慕容韦","1"
"南巨川","1"
"南溟夫人","1"
"南唐失名僧","1"
"南唐先主李昪","1"
"南粤","1"
"南诏骠信","1"
"倪君","1"
"聂冠卿","1"
"宁化九龙进士","1"
"牛承直","1"
"牛凤及","1"
"秾华","1"
"欧阳","1"
"欧阳宾","1"
"欧阳朝阳","1"
"欧阳董","1"
"欧阳衮","1"
"欧阳皓","1"
"欧阳辟","1"
"潘良贵","1"
"潘求仁","1"
"潘天锡","1"
"潘图","1"
"潘炜","1"
"潘希白","1"
"潘熊飞","1"
"潘炎","1"
"潘雍","1"
"潘佐","1"
"盼盼","1"
"庞籍","1"
"庞季子","1"
"裴澄","1"
"裴璀","1"
"裴大章","1"
"裴极","1"
"裴杞","1"
"裴淑","1"
"裴谈","1"
"裴相公","1"
"裴铏","1"
"裴玄智","1"
"裴瑶","1"
"裴元","1"
"裴贽","1"
"彭蟾","1"
"彭芳远","1"
"彭叔夏","1"
"彭真君","1"
"彭正大","1"
"郫城令","1"
"平江妓","1"
"平康妓","1"
"鄱阳护…","1"
"蒲禹卿","1"
"蒲宗孟","1"
"濮阳瓘","1"
"朴昂","1"
"普闻","1"
"七岁女子","1"
"栖岩","1"
"戚逍遥","1"
"齐安和尚","1"
"齐镐","1"
"齐己　牟儒","1"
"齐𫖮","1"
"綦毋诚","1"
"启柔","1"
"契从","1"
"契盈","1"
"谦光","1"
"谦明","1"
"钱安安","1"
"钱弘儇","1"
"钱弘偡","1"
"钱可复","1"
"钱朗","1"
"钱宀孙","1"
"钱师悦","1"
"钱叔献","1"
"钱信","1"
"钱戭","1"
"钱元㺷","1"
"强至","1"
"乔氏","1"
"樵夫","1"
"秦尚运","1"
"琴精","1"
"青城丈人","1"
"青幕子妇","1"
"青童","1"
"清观","1"
"清澜","1"
"清尚","1"
"清尚〖1〗","1"
"清闲","1"
"清源真君","1"
"清远道士","1"
"清远居士","1"
"丘说","1"
"曲崇裕","1"
"曲瞻","1"
"去非","1"
"去奢","1"
"权彻","1"
"权龙襄","1"
"仁俭","1"
"任","1"
"任玠","1"
"任氏","1"
"任涛","1"
"任翔龙","1"
"任彦思家鬼","1"
"任要","1"
"任右元","1"
"荣","1"
"荣九思","1"
"荣樵仲","1"
"如晦","1"
"如愚居士","1"
"阮郎中","1"
"阮溪","1"
"阮秀实","1"
"芮烨","1"
"睿宗","1"
"睿宗皇帝","1"
"若水","1"
"若耶溪女子","1"
"三槐","1"
"僧初","1"
"僧儿","1"
"僧法轨","1"
"僧凤","1"
"僧可","1"
"僧子兰","1"
"沙门日进","1"
"沙碛女子","1"
"山东野客","1"
"善道","1"
"商则","1"
"尚宫宋氏若昭","1"
"尚隆之　吴永素","1"
"尚志","1"
"邵伯雍","1"
"邵博","1"
"邵大震","1"
"邵怀英","1"
"邵缉","1"
"邵景","1"
"邵某","1"
"邵升","1"
"邵士彦","1"
"邵元实","1"
"邵真","1"
"邵拙","1"
"绍伯","1"
"谁氏女","1"
"申二官人","1"
"申国章","1"
"申堂构","1"
"神龙从臣","1"
"神禄","1"
"神秀","1"
"神赞","1"
"沈伯文","1"
"沈刚孙","1"
"沈晦","1"
"沈麟","1"
"沈明叔","1"
"沈宁","1"
"沈鹏","1"
"沈钦","1"
"沈青箱","1"
"沈韬文","1"
"沈元实","1"
"沈长卿","1"
"沈注","1"
"沈祖仙","1"
"慎氏","1"
"省吏","1"
"盛小丛","1"
"失撰人名","1"
"师静","1"
"师虔","1"
"施乘之","1"
"施酒监","1"
"施逵","1"
"石安民","1"
"石抱忠","1"
"石敦夫","1"
"石惠泰","1"
"石季武","1"
"石恪","1"
"石文德","1"
"石严","1"
"石倚","1"
"史介翁","1"
"史隽之","1"
"史君宝","1"
"史俊","1"
"史弥巩","1"
"史维翰","1"
"史虚白","1"
"史愚","1"
"史瑜","1"
"史远道","1"
"史铸","1"
"史佐尧","1"
"释岸","1"
"释彪","1"
"释明解","1"
"释元康","1"
"嗜酒道人","1"
"守安","1"
"寿涯禅师","1"
"书生","1"
"叔孙玄观","1"
"淑徳郡主","1"
"舒邦佐","1"
"舒大成","1"
"舒氏","1"
"蜀妓","1"
"蜀中妓","1"
"蜀中酒阁道人","1"
"双渐","1"
"水心寺僧","1"
"司马□","1"
"司马逸客","1"
"松洲","1"
"宋德广","1"
"宋迪","1"
"宋丰之","1"
"宋江","1"
"宋齐愈","1"
"宋休","1"
"宋元素","1"
"宋自道","1"
"宋自然","1"
"苏过","1"
"苏焜","1"
"苏琼","1"
"苏十能","1"
"苏替","1"
"苏绾","1"
"苏溪和尚","1"
"苏小娘","1"
"苏小小","1"
"苏易简","1"
"苏芸","1"
"苏允平","1"
"苏仲及","1"
"苏州刺史","1"
"苏㝢","1"
"随车娘子","1"
"孙","1"
"孙誧","1"
"孙觌","1"
"孙夫人","1"
"孙革","1"
"孙顾","1"
"孙光宪同寮","1"
"孙翃","1"
"孙佺","1"
"孙蜀","1"
"孙望","1"
"孙望辑录","1"
"孙吴会","1"
"孙咸","1"
"孙岘","1"
"孙欣","1"
"孙舣","1"
"孙子多","1"
"拓善","1"
"太白山神","1"
"太白山玄士","1"
"太上隐君","1"
"太守","1"
"太尉夫人","1"
"太学士人","1"
"太学诸生","1"
"太乙真君","1"
"太易","1"
"太原妓","1"
"昙伦","1"
"昙翼","1"
"谈元范","1"
"覃怀高","1"
"谭方平","1"
"汤思退","1"
"汤洙","1"
"唐朝美","1"
"唐镐","1"
"唐庚","1"
"唐末朝士","1"
"唐末僧","1"
"唐温如","1"
"唐尧臣","1"
"唐尧客","1"
"唐远悊","1"
"唐致政","1"
"韬光","1"
"桃花夫人","1"
"陶敞","1"
"陶拱","1"
"陶令君","1"
"陶明淑","1"
"陶氏","1"
"陶彝之","1"
"滕宗谅","1"
"苐五琦","1"
"天宝时人","1"
"天峤游人","1"
"天目僧","1"
"田淳","1"
"田达诚借宅鬼","1"
"田游岩","1"
"铁笔翁","1"
"庭实","1"
"同州判官","1"
"童养年","1"
"鲖阳居士","1"
"屠瓌智","1"
"万回","1"
"万某","1"
"万俟造","1"
"万彤云","1"
"汪存","1"
"汪辅之","1"
"汪万于","1"
"汪相如","1"
"王□□","1"
"王昂","1"
"王柏","1"
"王苍","1"
"王承旨","1"
"王宠","1"
"王处厚","1"
"王道亨","1"
"王德真","1"
"王阜民","1"
"王干","1"
"王庚","1"
"王肱","1"
"王拱辰","1"
"王广文","1"
"王龟","1"
"王国华","1"
"王宏","1"
"王淮","1"
"王槐建","1"
"王涣","1"
"王家乐","1"
"王坚","1"
"王娇姿","1"
"王景","1"
"王景中","1"
"王迥","1"
"王巨仁","1"
"王俊","1"
"王锴","1"
"王克勤","1"
"王揆","1"
"王澜","1"
"王冷然","1"
"王丽真女郎","1"
"王良会","1"
"王璘","1"
"王鲁","1"
"王茂时","1"
"王梦周","1"
"王彭年","1"
"王平子","1"
"王清观","1"
"王清惠","1"
"王去疾","1"
"王融","1"
"王若嵒","1"
"王赏","1"
"王邵","1"
"王绍","1"
"王绍宗","1"
"王师锡","1"
"王识","1"
"王氏女","1"
"王枢","1"
"王苏苏","1"
"王廷珪","1"
"王万之","1"
"王威德","1"
"王洧","1"
"王羡门","1"
"王孝严","1"
"王玄","1"
"王铉","1"
"王学文","1"
"王言史","1"
"王沂","1"
"王亿之","1"
"王易从","1"
"王益","1"
"王益柔","1"
"王泳祖","1"
"王有初","1"
"王幼玉","1"
"王玉","1"
"王约","1"
"王月山","1"
"王越宾","1"
"王云焕","1"
"王枳","1"
"王志安","1"
"王重民","1"
"王重民辑录，刘修业整理。","1"
"王祝","1"
"王卓","1"
"王自中","1"
"王𩔪","1"
"危昂霄","1"
"危复之","1"
"危西麓","1"
"危仔昌","1"
"韦澳","1"
"韦表微","1"
"韦曾","1"
"韦道逊","1"
"韦鼎","1"
"韦洪","1"
"韦敬辨","1"
"韦居安","1"
"韦铿","1"
"韦能谦","1"
"韦谦","1"
"韦青","1"
"韦添","1"
"韦镒","1"
"韦膺","1"
"韦振","1"
"韦执中","1"
"韦遵","1"
"卫光一","1"
"卫填","1"
"卫万","1"
"卫叶","1"
"卫准","1"
"尉迟汾","1"
"尉迟匡","1"
"尉佗","1"
"魏兼恕","1"
"魏峦","1"
"魏朋妻","1"
"魏求己","1"
"魏掞之","1"
"魏氏","1"
"魏顺之","1"
"魏证","1"
"魏子敬","1"
"温达","1"
"文德皇后","1"
"文鉴","1"
"文珏","1"
"文彦博","1"
"闻人武子","1"
"翁","1"
"翁定","1"
"邬虑","1"
"无何有翁","1"
"无际道人","1"
"无了","1"
"无名女鬼","1"
"无名释","1"
"无闻翁","1"
"无作","1"
"吴霭","1"
"吴彩鸾","1"
"吴城小龙女","1"
"吴大江","1"
"吴大有","1"
"吴党","1"
"吴德远","1"
"吴二娘","1"
"吴芾","1"
"吴感","1"
"吴公","1"
"吴涵虚","1"
"吴杰","1"
"吴景伯","1"
"吴龙翰","1"
"吴蒙庵","1"
"吴秘","1"
"吴敏德","1"
"吴穆仲","1"
"吴淇","1"
"吴千能","1"
"吴黔","1"
"吴人","1"
"吴申","1"
"吴师孟","1"
"吴氏1","1"
"吴氏2","1"
"吴势卿","1"
"吴叔","1"
"吴叔达","1"
"吴叔虎","1"
"吴淑虎","1"
"吴淑姬2","1"
"吴淑真","1"
"吴舜选","1"
"吴文若","1"
"吴兴神女","1"
"吴奕","1"
"吴益","1"
"吴英秀","1"
"吴圆","1"
"吴昭淑","1"
"五代外镇官","1"
"武昌妓","1"
"武后宫人","1"
"武翊黄","1"
"武曌","1"
"舞柘枝女","1"
"勿翁","1"
"悟清","1"
"婺州山中人","1"
"希叟","1"
"息夫牧","1"
"僖宗朝北省官","1"
"僖宗宫人","1"
"席元明","1"
"峡中白衣","1"
"夏宝松","1"
"夏鸿","1"
"夏侯楚","1"
"夏侯子云","1"
"夏倪","1"
"相里宗","1"
"香儿","1"
"湘驿女子","1"
"湘中女子","1"
"襄阳妓","1"
"襄阳旅殡举人","1"
"向瓒","1"
"萧楚材","1"
"萧德言","1"
"萧东父","1"
"萧铎","1"
"萧妃","1"
"萧回","1"
"萧建","1"
"萧结","1"
"萧静","1"
"萧钧","1"
"萧某","1"
"萧辟","1"
"萧微","1"
"萧项","1"
"萧意","1"
"萧沼","1"
"萧仲","1"
"萧仲芮","1"
"谢福娘","1"
"谢太虚","1"
"谢陶","1"
"谢直","1"
"谢仲宣","1"
"辛常伯","1"
"辛宏","1"
"辛学士","1"
"新罗僧","1"
"邢凤","1"
"邢群","1"
"邢象玉","1"
"杏俏","1"
"性空","1"
"熊大经","1"
"熊德修","1"
"熊节","1"
"熊可量","1"
"熊良翰","1"
"熊上达","1"
"熊曜","1"
"熊则轩","1"
"熊子默","1"
"休静","1"
"修雅","1"
"胥偃","1"
"徐□","1"
"徐安期","1"
"徐冲渊","1"
"徐钓者","1"
"徐都尉","1"
"徐干","1"
"徐观国","1"
"徐珩","1"
"徐皓","1"
"徐淮","1"
"徐架阁","1"
"徐介","1"
"徐介轩","1"
"徐矩","1"
"徐魁","1"
"徐理","1"
"徐霖","1"
"徐梦龙","1"
"徐仁嗣","1"
"徐融","1"
"徐瑞","1"
"徐伸","1"
"徐希仁","1"
"徐熙","1"
"徐玄之","1"
"徐俨夫","1"
"徐彦若","1"
"徐一初","1"
"徐逸","1"
"徐元鼎","1"
"徐元杰","1"
"徐真君","1"
"徐之才","1"
"徐至","1"
"许","1"
"许大","1"
"许古","1"
"许宏","1"
"许及之","1"
"许三畏","1"
"许天正","1"
"许晏","1"
"许尧佐","1"
"许瑶","1"
"许圉师","1"
"许远","1"
"宣宗宫人","1"
"玄宝","1"
"玄逵","1"
"选人","1"
"薛光谦","1"
"薛沆","1"
"薛几圣","1"
"薛开府","1"
"薛克构","1"
"薛蒙","1"
"薛琼","1"
"薛少殷","1"
"薛眘惑","1"
"薛燧","1"
"薛熊","1"
"薛瑶","1"
"薛耀","1"
"薛泳","1"
"薛媛","1"
"薛𦀒","1"
"哑女","1"
"烟萝子","1"
"严禅师","1"
"严公弼","1"
"严公贶","1"
"严郭","1"
"严嶷","1"
"严抑","1"
"严恽","1"
"严震","1"
"阎苍舒","1"
"阎敬爱","1"
"阎立本","1"
"颜令宾","1"
"颜师古","1"
"颜舒","1"
"颜允南","1"
"颜胄","1"
"阳城","1"
"杨伯","1"
"杨持","1"
"杨岛仙","1"
"杨道居","1"
"杨德麟","1"
"杨鼎夫","1"
"杨华","1"
"杨郇伯","1"
"杨绘","1"
"杨慧淑","1"
"杨景","1"
"杨敬述","1"
"杨敬述进","1"
"杨濬","1"
"杨鸾","1"
"杨明","1"
"杨溥","1"
"杨齐哲","1"
"杨齐悊","1"
"杨佥判","1"
"杨容华","1"
"杨少阳","1"
"杨适1","1"
"杨适2","1"
"杨守","1"
"杨舜举","1"
"杨损","1"
"杨太尉","1"
"杨廷玉","1"
"杨文郁","1"
"杨续","1"
"杨勋","1"
"杨邺","1"
"杨彝","1"
"杨禹珪","1"
"杨郁伯","1"
"杨元亨","1"
"杨员外","1"
"杨再可","1"
"杨昭俭","1"
"杨志坚","1"
"杨苎萝","1"
"杨子咸","1"
"姚嵘","1"
"姚述尧1","1"
"姚偓","1"
"姚孝宁","1"
"姚岩杰","1"
"姚镛","1"
"叶阊","1"
"叶李","1"
"叶隆礼","1"
"叶润","1"
"叶适","1"
"叶秀发","1"
"叶巽斋","1"
"叶元良","1"
"叶祖义","1"
"衣白山人","1"
"仪珏","1"
"义昭","1"
"易祓妻","1"
"逸民","1"
"逸人不顾","1"
"懿宗朝举子","1"
"阴真君","1"
"殷琮","1"
"殷穆","1"
"殷潜之","1"
"殷陶","1"
"殷益","1"
"𬤇禅师","1"
"尹洙","1"
"隐求","1"
"隐微","1"
"隐者","1"
"印粲","1"
"应","1"
"应次蘧","1"
"英才","1"
"郢展","1"
"庸仁杰","1"
"雍州率□□□","1"
"永安","1"
"咏槐","1"
"油蔚","1"
"游慈","1"
"游士藻","1"
"游文仲","1"
"游稚仙","1"
"游子西","1"
"幼卿","1"
"于德晦","1"
"于观文","1"
"于季友","1"
"于经野","1"
"余","1"
"余桂英","1"
"余延寿","1"
"鱼又玄","1"
"俞处","1"
"俞灏","1"
"俞克成","1"
"俞文豹","1"
"瑜禅师","1"
"虞刚简","1"
"虞搆","1"
"虞某","1"
"虞㠭","1"
"宇文翰","1"
"宇文元质","1"
"宇文正","1"
"庾传素","1"
"庾光先","1"
"玉英","1"
"玉真","1"
"郁回","1"
"郁山主","1"
"喻陟","1"
"遇臻","1"
"元□□","1"
"元晟","1"
"元础","1"
"元德昭","1"
"元昉","1"
"元和举子","1"
"元兢","1"
"元友让","1"
"圆禅师","1"
"袁求贤","1"
"袁恕己","1"
"袁正真","1"
"远公","1"
"苑䛆","1"
"越娘","1"
"越王贞","1"
"云端和尚","1"
"云容","1"
"则禅师","1"
"张□□","1"
"张翱","1"
"张保嗣","1"
"张抃","1"
"张才翁","1"
"张成可","1"
"张承福","1"
"张楚金","1"
"张倅","1"
"张顶","1"
"张杜","1"
"张方仲","1"
"张风子","1"
"张干","1"
"张阁","1"
"张公乂","1"
"张观","1"
"张何","1"
"张汯","1"
"张后胤","1"
"张怀","1"
"张怀庆","1"
"张浑","1"
"张景源","1"
"张敬徽","1"
"张敬斋","1"
"张敬之","1"
"张迥","1"
"张九宗","1"
"张浚","1"
"张魁","1"
"张立本女","1"
"张良璞","1"
"张琳","1"
"张陵","1"
"张鲁封","1"
"张潞","1"
"张蒙","1"
"张明中","1"
"张南容","1"
"张涅","1"
"张钦敬","1"
"张琼英","1"
"张仁宝","1"
"张仁溥","1"
"张任国","1"
"张绍","1"
"张生","1"
"张生1","1"
"张省躬","1"
"张师师","1"
"张时","1"
"张氏女","1"
"张氏琰","1"
"张拭","1"
"张守中","1"
"张枢密","1"
"张思济","1"
"张嗣初","1"
"张侹","1"
"张文彻","1"
"张文收","1"
"张咸","1"
"张祥","1"
"张休","1"
"张牙","1"
"张彦胜","1"
"张彦修〖1〗","1"
"张野人","1"
"张𫖮","1"
"张毅夫","1"
"张殷衡","1"
"张茔","1"
"张盈润","1"
"张瀛","1"
"张友仁","1"
"张瑜","1"
"张元正","1"
"张韫","1"
"张宰","1"
"张藻","1"
"张珍奴","1"
"张轸","1"
"张正一","1"
"张埴","1"
"张仲达","1"
"张仲谋","1"
"张仲殊","1"
"张仲宇","1"
"张子明","1"
"章导","1"
"章江书生","1"
"章碣","1"
"章丽贞","1"
"章耐轩","1"
"章嶰","1"
"章玄同","1"
"漳郡守","1"
"长安中鬼","1"
"长孙翱","1"
"长孙镒","1"
"长孙佐转妻","1"
"长屋","1"
"掌聿修","1"
"昭顺老人","1"
"赵□","1"
"赵昂","1"
"赵必","1"
"赵才卿","1"
"赵晟","1"
"赵崇霄","1"
"赵从橐","1"
"赵铎","1"
"赵防","1"
"赵灌园","1"
"赵节","1"
"赵葵","1"
"赵扩","1"
"赵良玉","1"
"赵林","1"
"赵龙图","1"
"赵孟谦","1"
"赵某","1"
"赵耆孙","1"
"赵淇","1"
"赵起","1"
"赵佥判","1"
"赵庆","1"
"赵癯斋","1"
"赵仁奖","1"
"赵汝钠","1"
"赵汝腾","1"
"赵汝迕","1"
"赵汝恂","1"
"赵汝愚","1"
"赵师","1"
"赵师严","1"
"赵时行","1"
"赵叔达","1"
"赵缩手","1"
"赵通判","1"
"赵武建","1"
"赵希","1"
"赵希□","1"
"赵希明","1"
"赵希汰","1"
"赵希囿","1"
"赵希��","1"
"赵湘","1"
"赵休","1"
"赵顼","1"
"赵虚舟","1"
"赵延寿","1"
"赵彦逾","1"
"赵与","1"
"赵元淑","1"
"赵宰","1"
"赵祯","1"
"赵中虚","1"
"赵仲御","1"
"赵自然","1"
"赵𤰳","1"
"贞元文士","1"
"珍娘","1"
"真德秀","1"
"真干","1"
"真元","1"
"真知柔","1"
"郑翱","1"
"郑賨","1"
"郑德玄","1"
"郑斗焕","1"
"郑昉","1"
"郑符","1"
"郑馥","1"
"郑刚中","1"
"郑冠卿","1"
"郑光业","1"
"郑轨","1"
"郑衮","1"
"郑合","1"
"郑据","1"
"郑楷","1"
"郑郎中","1"
"郑露","1"
"郑梦协","1"
"郑明","1"
"郑南金","1"
"郑仆射","1"
"郑清之","1"
"郑琼罗","1"
"郑仁轨","1"
"郑绍","1"
"郑师冉","1"
"郑师贞","1"
"郑适","1"
"郑蜀宾","1"
"郑述诚","1"
"郑庶","1"
"郑说","1"
"郑遂初","1"
"郑颋","1"
"郑文妻","1"
"郑闻","1"
"郑无党","1"
"郑详","1"
"郑雪岩","1"
"郑严","1"
"郑义真","1"
"郑奕","1"
"郑玉","1"
"郑元璹","1"
"郑云从","1"
"郑云娘","1"
"郑韫玉","1"
"郑在德","1"
"郑中丞","1"
"郑子玉","1"
"知业","1"
"直言","1"
"止禅师","1"
"志定","1"
"志端","1"
"志懃","1"
"志闲","1"
"智晖","1"
"智寂","1"
"智远","1"
"中寤","1"
"中宗朝优人","1"
"终南山翁","1"
"钟辐","1"
"钟过","1"
"钟辂","1"
"钟元章","1"
"冢中人","1"
"重机","1"
"重恽","1"
"周□","1"
"周存孺","1"
"周格非","1"
"周济川","1"
"周颉","1"
"周利用","1"
"周某","1"
"周起","1"
"周容","1"
"周容淑","1"
"周氏","1"
"周文谟","1"
"周庠","1"
"周延翰","1"
"周彦昭","1"
"周源","1"
"周愿","1"
"周岳秀","1"
"周仲美","1"
"周铢","1"
"周颛","1"
"朱褒","1"
"朱斌","1"
"朱敦复","1"
"朱华","1"
"朱晦","1"
"朱绛","1"
"朱景文","1"
"朱均","1"
"朱逵","1"
"朱琳","1"
"朱耆寿","1"
"朱使欣","1"
"朱松","1"
"朱孙","1"
"朱晞颜","1"
"朱勰","1"
"朱休","1"
"朱延","1"
"朱延龄","1"
"朱彦时","1"
"朱用之","1"
"朱元","1"
"朱藻","1"
"朱泽","1"
"朱仲晦","1"
"朱佐日","1"
"竹林亭长","1"
"庄布","1"
"卓世清","1"
"子泰","1"
"左匡政","1"
"座客","1"
